Marike;Abel;f;Allschwil;22;99416;
Marina;Ackermann;f;Versoix;70;89891;
Amira;Adam;f;Kloten;58;40529;
Semih;Adams;m;Adliswil;23;97756;
Verena;Adler;f;Olten;69;52840;
Adriana;Ahrens;f;Neuenburg;21;45887;
Damon;Aigner;m;Val-de-Travers;39;75367;
Lieselotte;Albers;f;Pully;22;99037;
Marieke;Albert;f;Wil;21;97283;
Quirin;Albrecht;m;Arth;35;77221;
Luna;Albrecht;f;Siders;31;43710;
Jason;Alt;m;Thun;57;83249;
Kiana;Altmann;f;Lausanne;70;98253;
Jona;Amann;m;Mendrisio;70;88992;
Maxi;Anders;f;Delsberg;21;69608;
Jano;Andres;m;Freiburg;21;92482;
Mustafa;Apel;m;Frauenfeld;26;97073;
Sharon;Appel;f;Freienbach;30;43160;
Angelo;Armbruster;m;Oberwil;21;48680;
Joleen;Arndt;f;Luzern;70;78593;
Bryan;Arndt;m;Solothurn;30;61559;
Leila;Arnold;f;Richterswil;69;99019;
Fynn;Arnold;m;Chur;43;56437;
Serafina;Auer;f;Locarno;66;80572;
Marlon;Augustin;m;Rüti;44;98362;
Florentine;Bach;f;Lyss;47;45232;
Veronika;Bachmann;f;Nyon;35;46892;
Marlo;Backes;m;Zürich;70;82902;
Efe;Backhaus;m;Opfikon;69;51609;
Adelina;Bader;f;Gossau;31;99039;
Florian;Bahr;m;Zollikon;27;98762;
Talia;Baier;f;Zofingen;57;49613;
Luke;Balzer;m;Zug;22;57663;
Fabio;Bartel;m;Schlieren;65;99147;
Nike;Bartels;f;Muttenz;29;93537;
Janis;Barth;m;Riehen;70;99542;
Lotte;Barth;f;Davos;21;98061;
Anneke;Barthel;f;Oftringen;21;66781;
Annelie;Bartsch;f;Gland;23;70551;
Bjarne;Bastian;m;Wädenswil;23;97092;
Tommy;Bauer;m;Siders;62;43572;
Lina;Bauer;f;Schaffhausen;22;46111;
Saskia;Baum;f;Lugano;59;53163;
Fiona;Baumann;f;Martigny;33;81555;
Ilay;Baumann;m;Ittigen;27;59797;
Dennis;Baumeister;m;Thalwil;56;89178;
Ryan;Baumgart;m;Spreitenbach;34;47079;
Emre;Baumgarten;m;Binningen;30;90197;
Polly;Baumgartner;f;Martigny;49;92623;
Lio;Baumgärtner;m;Cham;66;94769;
Claire;Baur;f;Solothurn;39;41815;
Jost;Bayer;m;Stäfa;69;40776;
Ina;Bayer;f;Montreux;37;58980;
Janne;Becher;m;Zollikon;33;96902;
Stella;Beck;f;Olten;53;50164;
Bo;Beck;m;Buchs;23;98055;
Marie;Becker;f;Lugano;24;50202;
Luiz;Becker;m;Grenchen;22;41235;
Zeynep;Beckmann;f;Carouge;68;96823;
Janna;Beer;f;Lyss;51;40999;
Alex;Behnke;m;Aesch;46;92248;
Jakob;Behr;m;Locarno;54;83292;
Line;Behrendt;f;Bern;32;41219;
Jara;Behrens;f;Reinach;60;48774;
Zehra;Beier;f;Arbon;64;86536;
Liliana;Bender;f;Bulle;63;44948;
Denise;Benz;f;Schaffhausen;27;87840;
Alessia;Berg;f;Schaffhausen;66;59498;
Viktor;Berg;m;Siders;25;61954;
Luise;Berger;f;Adliswil;22;43911;
Eyüp;Berger;m;Ecublens;22;50800;
Lucas;Bergmann;m;Vernier;38;98361;
Aylin;Bergmann;f;Glarus;21;50673;
Talea;Berndt;f;Kreuzlingen;70;94565;
Marek;Berner;m;Arth;43;71344;
Catrin;Bernhard;f;Bülach;69;46478;
Ceyda;Bernhardt;f;Herisau;25;86620;
Hamza;Berthold;m;Dietikon;50;94942;
Emina;Bertram;f;Bellinzona;55;49388;
Maileen;Betz;f;Münchenstein;23;86270;
Jette;Beyer;f;Mendrisio;70;40600;
Niels;Beyer;m;Dietikon;66;40437;
Luca;Biermann;m;Pully;69;84498;
Leana;Binder;f;Herisau;43;82995;
Nikita;Bischof;m;Grenchen;26;96721;
Valeria;Bischoff;f;Delsberg;21;98982;
Katrin;Bittner;f;Lancy;33;92439;
Eslem;Blank;f;Locarno;64;95910;
Nia;Block;f;Vevey;58;43875;
Rosa;Blum;f;Opfikon;62;40610;
Jannis;Blume;m;Münsingen;39;54815;
Elli;Bock;f;Männedorf;63;93933;
Marwin;Bock;m;Vevey;54;89198;
Franka;Bode;f;Rheinfelden;66;40623;
Ben;Bohn;m;Thalwil;49;49988;
Loris;Boldt;m;Muttenz;24;52149;
Bilal;Bolz;m;Birsfelden;39;78121;
Bennet;Borchert;m;Köniz;24;55795;
Quentin;Bormann;m;Pfäffikon;69;60535;
Maxima;Born;f;Rapperswil-Jona;21;44125;
Lars;Bosch;m;Frauenfeld;59;95810;
Azra;Brand;f;Siders;66;44117;
Lino;Brandes;m;Vevey;50;93709;
Ariane;Brandl;f;Onex;44;43429;
Demian;Brandt;m;Bern;33;86135;
Annabell;Brandt;f;Thônex;22;46863;
Mayra;Brauer;f;Yverdon-les-Bains;21;99567;
Lara;Braun;f;Emmen;38;75274;
Leano;Braun;m;Cham;22;41145;
Kerim;Brehm;m;Spiez;30;40468;
Thalea;Bremer;f;Aarau;21;52711;
Lion;Brendel;m;Binningen;21;96325;
Lola;Brenner;f;Morges;52;65714;
Joline;Breuer;f;Solothurn;67;40961;
Helen;Brinkmann;f;Freienbach;60;93009;
Manuel;Brockmann;m;Nyon;68;56593;
Henriette;Brunner;f;Bülach;25;67579;
Rieke;Bruns;f;Brig-Glis;64;44300;
Kalle;Bräuer;m;Ittigen;52;97515;
Hanno;Brück;m;Bülach;61;59833;
Kate;Brückner;f;Basel;21;51197;
Frida;Brüggemann;f;Villars-sur-Glâne;66;97651;
Jonte;Brüning;m;Brugg;53;63185;
Eymen;Bucher;m;Wohlen;58;96056;
Aurora;Buchholz;f;Ebikon;43;97626;
Hauke;Buchmann;m;Bulle;21;64041;
Laurin;Buchner;m;Ebikon;68;63127;
Fanny;Buck;f;Kreuzlingen;65;42068;
Selim;Budde;m;Thônex;63;85805;
Felia;Burger;f;Adliswil;21;98011;
Nathan;Burghardt;m;Baden;69;87500;
Delia;Burkhardt;f;Grenchen;69;91982;
Bela;Burmeister;m;Stäfa;36;41476;
Henri;Busch;m;Uster;46;83777;
Samira;Busch;f;Amriswil;34;85020;
Leonardo;Buschmann;m;Delsberg;38;75813;
Phoebe;Busse;f;Dietikon;70;50691;
Younes;Bähr;m;Reinach;21;53765;
Tanja;Bär;f;Lugano;40;68342;
Eva;Böhm;f;Freienbach;51;57163;
Josua;Böhm;m;Spreitenbach;21;48780;
Melia;Böhme;f;Binningen;21;99071;
Jayden;Böhmer;m;Aesch;70;42511;
Kyra;Börner;f;Belp;21;61822;
Christina;Böttcher;f;Yverdon-les-Bains;56;92817;
Hasan;Böttcher;m;Morges;47;80058;
Marian;Böttger;m;Langenthal;37;99084;
Christopher;Büchner;m;Genf;65;43317;
Judith;Bühler;f;Vernier;64;59593;
Marah;Bürger;f;Bassersdorf;21;95176;
Liv;Büttner;f;Allschwil;62;98112;
Elea;Christ;f;Horw;30;43506;
Constantin;Claus;m;Bassersdorf;41;93073;
Christian;Clemens;m;Carouge;38;99011;
Jennifer;Conrad;f;Rapperswil-Jona;70;88258;
Mayleen;Cordes;f;Kloten;36;66059;
Claas;Cramer;m;Renens;21;91985;
Deniz;Cremer;m;Birsfelden;54;75090;
Joel;Damm;m;Spreitenbach;56;47984;
Marius;Daniel;m;Arbon;25;90134;
Friedrich;David;m;Horw;24;41232;
Lilith;Decker;f;Lausanne;33;94464;
Teresa;Dick;f;Val-de-Travers;50;99041;
Joscha;Dieckmann;m;Winterthur;26;93333;
Lydia;Diehl;f;Ecublens;70;45572;
Berat;Diekmann;m;Muri;55;74770;
Maila;Dietrich;f;Versoix;70;45871;
Joey;Dietrich;m;Lugano;39;52027;
Malia;Dietz;f;Onex;43;57937;
Lewis;Dietze;m;Zug;52;51834;
Lillian;Dittmann;f;Meyrin;21;57688;
Malea;Dittrich;f;Kloten;64;50848;
Fiete;Doll;m;Zofingen;70;46226;
Clarissa;Dorn;f;Opfikon;22;40401;
Nicolai;Drechsler;m;Luzern;41;41164;
Hannes;Dreher;m;Meilen;67;46356;
Logan;Dreier;m;Horgen;61;51924;
Aliya;Drescher;f;Le;22;52930;
Colin;Drews;m;Altstätten;69;96660;
Rike;Dreyer;f;Frauenfeld;24;82769;
Jill;Döring;f;Meilen;37;48077;
Anisa;Dörr;f;Spreitenbach;70;51572;
Karolina;Dürr;f;Winterthur;43;70860;
Lucien;Ebel;m;Worb;23;47033;
Mattes;Ebeling;m;Küssnacht;69;57161;
Lavin;Eberhardt;f;Horgen;57;78158;
Jessica;Eberle;f;Sitten;67;87054;
Lene;Ebert;f;Emmen;70;41815;
Ahmet;Ebert;m;Cham;35;63888;
Emilio;Ebner;m;Dübendorf;40;76967;
Ensar;Eckardt;m;Stäfa;69;80943;
Mariella;Eckert;f;Lugano;25;42027;
Tilo;Eckert;m;Grenchen;24;97032;
Alexander;Eckhardt;m;Morges;31;51606;
Leonhard;Eckstein;m;Buchs;59;99071;
Sila;Eder;f;Bassersdorf;24;79952;
Moritz;Eggers;m;Steffisburg;25;76768;
Karina;Eggert;f;Emmen;63;40764;
Feline;Ehlers;f;Muttenz;22;99236;
Ruben;Ehlert;m;Riehen;23;78964;
Adrian;Ehrhardt;m;Richterswil;64;40546;
Milian;Ehrlich;m;Altstätten;70;76138;
Sabrina;Eichhorn;f;Wetzikon;46;51403;
Sara;Eichler;f;Gland;31;49750;
Jesse;Eilers;m;Chêne-Bougeries;66;72235;
Marcel;Eisele;m;Allschwil;23;80327;
Meike;Elsner;f;Dietikon;22;89502;
Rocco;Emmerich;m;Lugano;64;59154;
Leif;Enders;m;Nyon;65;99133;
Nathalie;Endres;f;Neuenburg;21;96992;
René;Engel;m;Thun;70;41853;
Fabienne;Engel;f;Muri;21;90116;
Selin;Engelhardt;f;Münchenstein;24;98054;
Violetta;Engelmann;f;Langenthal;25;48664;
Maya;Engels;f;Münchenstein;22;95967;
Leopold;Engler;m;Wetzikon;25;98991;
Kaja;Erdmann;f;Baar;26;46505;
Mads;Ernst;m;Kriens;57;92505;
Julie;Ernst;f;Lyss;34;96822;
Alfred;Ertl;m;Renens;56;40707;
Juliana;Esser;f;Wädenswil;28;42729;
Simon;Evers;m;Küsnacht;27;40416;
Kaan;Ewald;m;Uster;61;57836;
Santino;Ewert;m;Pully;28;67825;
Vivienne;Faber;f;Zürich;28;42405;
Nisanur;Falk;f;Montreux;23;89134;
Josephin;Faust;f;Baar;21;40641;
Jamila;Feldmann;f;Hinwil;25;98645;
Samir;Fichtner;m;Weinfelden;21;60747;
Eddy;Fiedler;m;Pully;23;86392;
Celine;Fiedler;f;Veyrier;23;40715;
Cataleya;Fink;f;Muttenz;21;98634;
Joeline;Finke;f;Zug;68;76727;
Sofia;Fischer;f;Lausanne;31;90227;
Gian;Fischer;m;Monthey;28;97489;
Inga;Fleischer;f;Villars-sur-Glâne;23;60963;
Julina;Fleischmann;f;Thalwil;21;88452;
Abigail;Forster;f;Riehen;21;42393;
Katharina;Frank;f;Thalwil;60;42810;
Ansgar;Frank;m;Villars-sur-Glâne;25;41044;
Nathanael;Franke;m;Zofingen;70;51700;
Magdalena;Franke;f;Opfikon;60;99315;
Olivia;Franz;f;Gland;23;43163;
Niko;Franz;m;Montreux;21;98145;
Hermine;Freitag;f;Chêne-Bougeries;63;40955;
Caroline;Frenzel;f;Genf;21;98365;
Nea;Freund;f;Arth;24;65311;
Aurelia;Frey;f;Lancy;68;72644;
Cedrik;Frey;m;Langenthal;24;45664;
Adam;Frick;m;Vevey;26;45982;
Felina;Fricke;f;Oberwil;40;42053;
Jaron;Friedl;m;Meyrin;49;56402;
Jasmin;Friedrich;f;Pully;25;41157;
August;Friedrich;m;Worb;22;92898;
Leandro;Friedrichs;m;Aarau;28;41451;
Emmy;Fries;f;Freiburg;42;55534;
Tammo;Frisch;m;Aarau;33;55320;
Shania;Fritsch;f;Pully;67;59484;
Stefan;Fritsche;m;Carouge;26;80996;
Tore;Fritz;m;Martigny;24;49968;
Amalia;Fritz;f;Winterthur;21;71129;
Oskar;Fritzsche;m;Wohlen;23;43992;
Evelyn;Fröhlich;f;Dietikon;67;95299;
Thiago;Fröhlich;m;Wallisellen;21;44204;
Ella;Fuchs;f;Horgen;68;41606;
Kiyan;Fuchs;m;Glarus;21;62379;
Miray;Fuhrmann;f;Emmen;49;69018;
Alisha;Funk;f;Hinwil;23;41096;
Katja;Funke;f;Uzwil;27;79852;
Ilyas;Förster;m;Gossau;64;47306;
Alexandra;Förster;f;Weinfelden;22;92653;
Alessio;Fürst;m;Oftringen;68;95996;
Sarina;Gabriel;f;Herisau;70;42487;
Neele;Gebauer;f;Lyss;34;63369;
Freya;Gebhardt;f;Spreitenbach;58;72101;
Timon;Gehring;m;Grenchen;56;40432;
Elia;Gehrke;m;Riehen;70;99148;
Lean;Gehrmann;m;Olten;68;90121;
Marta;Geier;f;Zofingen;64;99572;
Fenja;Geiger;f;Wettingen;59;86801;
Annabella;Geisler;f;Schwyz;27;43359;
Beyza;Geißler;f;Oberwil;21;50216;
Julika;Gerber;f;Uster;48;96727;
Noah;Gerdes;m;Freienbach;67;99037;
Nahla;Gerhardt;f;Köniz;21;87583;
Elise;Gerlach;f;Grenchen;68;72779;
Nilay;Geyer;f;Monthey;70;40489;
Acelya;Giese;f;Binningen;28;81433;
Amara;Glaser;f;Prilly;34;48463;
Arian;Gläser;m;Pfäffikon;28;40458;
Dorothea;Gottschalk;f;Volketswil;35;65210;
Ibrahim;Gottwald;m;Martigny;67;40607;
Joost;Grabowski;m;Meyrin;69;64396;
Ahmad;Graf;m;Veyrier;59;40805;
Elena;Graf;f;Einsiedeln;31;75792;
Martin;Grau;m;Opfikon;62;67937;
Vera;Greiner;f;Baar;69;47995;
Lana;Grimm;f;Zofingen;67;58511;
Arthur;Grimm;m;Horgen;64;45435;
Ruby;Gross;f;Frauenfeld;60;59879;
Finnley;Grote;m;Regensdorf;63;93240;
Milan;Groth;m;Arth;28;79932;
Rick;Groß;m;Aesch;70;42955;
Chiara;Groß;f;Binningen;66;43756;
Felix;Große;m;Grenchen;21;40398;
Cora;Großmann;f;Regensdorf;22;99077;
Ismail;Grube;m;Baar;70;96910;
Larissa;Gruber;f;Kriens;70;40710;
Elijah;Gruber;m;Wohlen;21;95151;
Cedric;Grund;m;Allschwil;39;41056;
Markus;Grundmann;m;Rheinfelden;50;63371;
Ömer;Grün;m;Dübendorf;48;58961;
Arvid;Grünewald;m;Zollikon;21;98209;
Nisa;Gärtner;f;Horgen;21;98325;
Josie;Göbel;f;Illnau-Effretikon;22;40850;
Oscar;Götz;m;Emmen;60;54886;
Celina;Götz;f;Zollikon;23;96585;
Levin;Götze;m;Veyrier;45;77801;
Lucy;Günther;f;Regensdorf;28;41881;
Dejan;Günther;m;Davos;21;96081;
Sean;Haack;m;Mendrisio;70;76369;
Adele;Haag;f;Amriswil;48;97001;
Carlotta;Haas;f;Schwyz;34;46283;
Vinzenz;Haas;m;Möhlin;21;42074;
Carolina;Haase;f;Birsfelden;69;94827;
Finley;Haase;m;Bülach;51;53641;
Keno;Habermann;m;Bellinzona;24;98958;
Xaver;Hack;m;Freienbach;22;42253;
Peter;Hacker;m;Hinwil;50;99564;
Noel;Hafner;m;Biel/Bienne;36;41008;
Mick;Hagedorn;m;Sitten;26;73066;
Kimberley;Hagemann;f;Thun;69;41052;
Lisbeth;Hagen;f;Zug;31;40983;
Kian;Hager;m;Münchenstein;21;91725;
Santiago;Hahn;m;Münchenstein;57;42557;
Isabella;Hahn;f;Onex;26;74740;
Leyla;Haller;f;Weinfelden;68;92538;
Helin;Hamann;f;Langenthal;21;44577;
Romeo;Hamm;m;Kloten;56;96656;
Cara;Hammer;f;Vernier;66;94075;
Malik;Hampel;m;Solothurn;49;94638;
Steven;Hanisch;m;Thalwil;65;41066;
Juliane;Hanke;f;Wettingen;24;87372;
Valentino;Hannemann;m;Horw;64;85553;
Vivien;Hansen;f;Spreitenbach;70;42870;
Tony;Hansen;m;Allschwil;21;41488;
Kristin;Harder;f;Onex;22;85381;
Amin;Hardt;m;Richterswil;35;98916;
Philine;Harms;f;Thalwil;60;59346;
Julian;Hartl;m;Opfikon;23;96362;
Bent;Hartmann;m;Schwyz;68;99486;
Leni;Hartmann;f;Rapperswil-Jona;22;54979;
Ada;Hartung;f;Mendrisio;70;66073;
Joanna;Hartwig;f;Allschwil;48;50798;
Ylvie;Hauck;f;Dübendorf;70;76676;
Evelin;Haug;f;Chur;25;66904;
Melis;Haupt;f;Muri;70;98842;
Ecrin;Hauser;f;Vevey;31;86897;
Layla;Hausmann;f;Biel/Bienne;35;44220;
Liyana;Hecht;f;Burgdorf;50;41130;
Sandra;Heck;f;Möhlin;32;43417;
Linus;Hecker;m;Muri;22;83166;
Laurens;Heckmann;m;Amriswil;21;91495;
Alan;Heger;m;Gossau;67;99087;
Mio;Heidenreich;m;Steffisburg;64;42238;
Justin;Heider;m;Rüti;70;46244;
Kerem;Heidrich;m;Ostermundigen;68;75104;
Jolin;Heil;f;Bulle;47;83620;
Joshua;Heilmann;m;Männedorf;21;93851;
Nova;Heim;f;Kloten;23;76100;
Lennox;Heimann;m;Worb;21;99592;
Dana;Hein;f;Dübendorf;31;76106;
Nikolai;Hein;m;Einsiedeln;29;64337;
Cassandra;Heine;f;Siders;25;44885;
Alara;Heinemann;f;Altstätten;55;44326;
Marc;Heinen;m;Emmen;44;54797;
Amon;Heinrich;m;Zürich;65;98644;
Romy;Heinrich;f;Stäfa;52;94154;
Carl;Heinrichs;m;Prilly;55;41583;
Carina;Heinz;f;Regensdorf;54;40702;
Miley;Heinze;f;Luzern;64;48268;
Finnja;Heise;f;Ecublens;31;57164;
Benjamin;Heitmann;m;Ebikon;23;41559;
Fabian;Helbig;m;Schwyz;70;98685;
Svenja;Held;f;Zürich;22;40455;
Selma;Heller;f;Wallisellen;46;73660;
Samuel;Hellmann;m;Münchenstein;58;50182;
Dominic;Hellwig;m;Oberwil;28;99235;
Alessandro;Helm;m;Weinfelden;53;98268;
Mareike;Hempel;f;Versoix;35;98906;
Levke;Henke;f;Nyon;47;99383;
Melek;Henkel;f;Bülach;70;40501;
Sinan;Henn;m;Monthey;21;41662;
Madeleine;Hennig;f;Aesch;58;96250;
Alia;Henning;f;Yverdon-les-Bains;66;74904;
Amar;Henrich;m;Dietikon;42;44823;
Lilli;Hensel;f;Rüti;30;63662;
Belinay;Hentschel;f;Renens;58;52938;
Arne;Henze;m;Herisau;21;99125;
Mathilde;Herbst;f;Onex;36;42608;
Nick;Hering;m;Lyss;39;86260;
Lenni;Hermann;m;Wettingen;62;40726;
Luana;Hermann;f;Affoltern;55;95262;
Darian;Hermes;m;Schaffhausen;33;40490;
Dalia;Herold;f;Küsnacht;22;99330;
Ricardo;Herr;m;Luzern;51;90443;
Zoe;Herrmann;f;Renens;70;40631;
Yigit;Herrmann;m;Meilen;65;71919;
Benedikt;Hertel;m;Le;33;96338;
Hans;Herz;m;Locarno;36;97933;
Natalie;Herzog;f;Wetzikon;27;40760;
Friederike;Hess;f;Freienbach;22;98946;
Alma;Hesse;f;Baar;66;70160;
Damla;Heuer;f;Stäfa;70;54589;
Damien;Heuser;m;Bern;21;49942;
Antonio;Heyer;m;Le;40;41513;
Marit;Heß;f;Riehen;70;41046;
Nils;Hildebrand;m;Delsberg;66;99194;
Holly;Hildebrandt;f;Davos;69;99585;
Gregor;Hill;m;Schaffhausen;40;98208;
Erwin;Hille;m;Herisau;22;85534;
Umut;Hillebrand;m;Brig-Glis;67;80375;
Mette;Hiller;f;Regensdorf;23;44205;
Yasmin;Hinrichs;f;Ittigen;70;72094;
Tamara;Hinz;f;Münsingen;66;46775;
Marlena;Hirsch;f;Uzwil;34;56247;
Mahir;Hoch;m;Veyrier;21;76997;
Tobias;Hofer;m;Val-de-Travers;70;41247;
Sirac;Hoff;m;Wettingen;67;40933;
Leonie;Hoffmann;f;Thun;52;41741;
Talha;Hoffmann;m;Illnau-Effretikon;50;97404;
Maja;Hofmann;f;Yverdon-les-Bains;70;97554;
Quinn;Hofmann;m;Morges;21;40454;
Zümra;Hohmann;f;Männedorf;49;99573;
Alva;Holz;f;Küssnacht;27;95165;
Jordan;Hopf;m;Yverdon-les-Bains;22;97936;
Johnny;Hopp;m;Volketswil;54;98102;
Svea;Hoppe;f;Genf;33;48378;
Laurenz;Hoppe;m;Regensdorf;22;46232;
Sina;Horn;f;Spiez;51;52621;
Simeon;Horn;m;Schaffhausen;26;65060;
Justus;Hornung;m;Möhlin;29;98338;
Yasin;Horst;m;Val-de-Travers;39;46922;
Liam;Horstmann;m;Uzwil;21;96797;
Fritz;Hoyer;m;Gossau;68;90901;
Mathilda;Huber;f;Wettingen;70;82338;
Stanley;Huber;m;Uzwil;64;93675;
Zara;Hummel;f;Wallisellen;40;98759;
Mohammed;Huth;m;Weinfelden;70;40926;
Thilo;Häusler;m;Basel;68;98473;
David;Höfer;m;Binningen;28;97435;
Daniel;Höhn;m;Villars-sur-Glâne;55;97914;
Julius;Höhne;m;Rheinfelden;59;68664;
Vince;Hölscher;m;Ebikon;70;99043;
Yannik;Hübner;m;Rapperswil-Jona;62;97935;
Kira;Hübner;f;Münchenstein;24;91282;
Anouk;Jacob;f;Allschwil;58;95953;
Charlie;Jacobi;m;Lausanne;66;40892;
Natalia;Jacobs;f;Winterthur;23;41218;
Jenke;Jaeger;m;Bülach;63;94607;
Tessa;Jahn;f;Le;52;98943;
Lenn;Jahn;m;Muttenz;24;50798;
Timo;Jahnke;m;Hinwil;70;96415;
Meryem;Jakob;f;Wohlen;64;99552;
Torben;Jakobs;m;Baar;58;54268;
Johann;Janke;m;Pfäffikon;24;78595;
Mathis;Jansen;m;Baar;69;73607;
Aaliyah;Jansen;f;Worb;21;95822;
Enya;Janssen;f;Rheinfelden;70;96334;
Titus;Janzen;m;Montreux;67;51510;
Stefanie;Janßen;f;Meilen;68;42484;
Sebastian;Jensen;m;Ittigen;70;41576;
Iven;Johannsen;m;Bern;48;41824;
Heidi;John;f;Mendrisio;69;42867;
Kuzey;Jonas;m;Arbon;70;93528;
Marisa;Jordan;f;Affoltern;22;46537;
Anja;Jost;f;Einsiedeln;65;78104;
Said;Jung;m;Rheinfelden;57;63657;
Isabell;Jung;f;Baden;46;40431;
Vincent;Junge;m;Brig-Glis;22;40725;
Karlotta;Junker;f;Pfäffikon;38;62853;
Maxim;Just;m;Chêne-Bougeries;23;98022;
Jascha;Jäger;m;Hinwil;70;97845;
Franziska;Jäger;f;Langenthal;70;40600;
Philippa;Jürgens;f;Schlieren;54;56814;
Leya;Kahl;f;Baden;51;51556;
Emely;Kaiser;f;Nyon;56;78384;
Meo;Kaiser;m;Amriswil;25;40915;
Matti;Kaminski;m;Wädenswil;25;65313;
Omar;Kammerer;m;Kriens;32;99544;
Alexia;Karl;f;Dübendorf;67;97737;
Marlen;Kasper;f;Lugano;67;47689;
Konrad;Kastner;m;Wallisellen;70;44146;
Diana;Kaufmann;f;Chêne-Bougeries;57;40730;
Frederic;Kaufmann;m;Wil;40;82670;
Willi;Keck;m;Gland;23;44225;
Elaine;Keil;f;Belp;40;41261;
Elisa;Keller;f;Bülach;70;98388;
Severin;Keller;m;Delsberg;38;95984;
Elian;Kellermann;m;Davos;70;43483;
Käthe;Kellner;f;Sitten;21;49472;
Luis;Kemper;m;Schlieren;30;59522;
Haylie;Kempf;f;Möhlin;45;49593;
Ela;Kern;f;Buchs;70;95677;
Konstantin;Kern;m;Meyrin;21;83231;
Enno;Kersten;m;Lancy;25;82860;
Salome;Kessler;f;Le;34;99591;
Leonora;Keßler;f;Yverdon-les-Bains;36;91386;
Lenia;Kiefer;f;Bassersdorf;35;65257;
Mattea;Kilian;f;Wädenswil;33;92686;
Frederik;Kirchhoff;m;Bulle;23;46209;
Valerie;Kirchner;f;Pully;54;98321;
Jenna;Kirsch;f;Lancy;21;88175;
Maik;Kirschner;m;Wohlen;22;49152;
Andreas;Klatt;m;Spiez;70;40502;
Loreen;Klaus;f;Steffisburg;28;78258;
Baran;Klein;m;Burgdorf;46;65024;
Lilly;Klein;f;Neuenburg;22;42570;
Enes;Kleine;m;Rapperswil-Jona;27;87764;
Taha;Kleinert;m;Dübendorf;46;98781;
Lale;Klemm;f;Küsnacht;51;90529;
Thore;Kling;m;Affoltern;65;98160;
Raphaela;Klinger;f;Muttenz;28;82763;
Naemi;Klose;f;Baden;34;75422;
Sinah;Klotz;f;Brugg;69;93233;
Theo;Klug;m;Glarus;21;88891;
Tara;Kluge;f;Pratteln;27;95632;
Nayla;Knapp;f;Lancy;68;97093;
Anthony;Knauer;m;Cham;60;79775;
Leander;Knobloch;m;Bassersdorf;22;76924;
Eleni;Knoll;f;Ebikon;25;97550;
Lukas;Knorr;m;Martigny;21;67006;
Yunus;Koch;m;Ostermundigen;34;44074;
Amelie;Koch;f;Freiburg;28;99364;
Christoph;Kock;m;Chur;33;67494;
Malina;Kohl;f;Prilly;27;43337;
Sophia;Kohler;f;Amriswil;21;93657;
Nicole;Kolb;f;Villars-sur-Glâne;66;45155;
Chris;Kolbe;m;Ecublens;40;40999;
Joelina;Koller;f;Birsfelden;65;47436;
Viola;Konrad;f;Aarau;57;40787;
Malin;Kopp;f;Arbon;30;99603;
Henrike;Korn;f;Gossau;68;42163;
Matthias;Korte;m;Muttenz;22;98910;
Darius;Kowalski;m;Rüti;43;60928;
Marcus;Kraft;m;Adliswil;64;63158;
Alisa;Kraft;f;Basel;32;58515;
Lennart;Kramer;m;Dübendorf;69;92672;
Alissa;Kramer;f;Delsberg;38;91225;
Letizia;Kranz;f;Luzern;26;80275;
Maddox;Kratz;m;Möhlin;28;98157;
Jimmy;Kraus;m;Altstätten;56;42201;
Nora;Kraus;f;Grenchen;30;43241;
Ida;Krause;f;Meyrin;69;79511;
Maris;Krause;m;Küsnacht;64;47933;
Annemarie;Krauß;f;Liestal;64;54908;
Leandra;Krebs;f;Einsiedeln;22;73204;
Jolien;Kremer;f;Chur;26;53430;
Mieke;Kretschmer;f;Uzwil;21;63641;
Jeremy;Kretzschmar;m;Pully;68;73265;
Josef;Kreuzer;m;Freiburg;21;87782;
Silas;Krieg;m;Montreux;69;52651;
Ellen;Krieger;f;Montreux;61;42329;
Pius;Krohn;m;Rapperswil-Jona;40;98208;
Megan;Kroll;f;Zofingen;21;48457;
Elsa;Krug;f;Zug;24;77536;
Michelle;Kruse;f;Aesch;59;49067;
Klemens;Kruse;m;Bellinzona;36;53913;
Nina;Krämer;f;Pratteln;70;45501;
Evan;Krämer;m;Chêne-Bougeries;21;45826;
Melisa;Kröger;f;Volketswil;21;53416;
Ege;Krüger;m;Einsiedeln;70;64326;
Sarah;Krüger;f;Dübendorf;40;84740;
Henning;Kugler;m;Arth;42;54211;
Joy;Kuhlmann;f;Ostermundigen;23;87570;
Paulina;Kuhn;f;Küsnacht;67;92307;
Ethan;Kuhn;m;Winterthur;27;42083;
Miko;Kummer;m;Wädenswil;66;73694;
Jonne;Kunert;m;Bassersdorf;62;99292;
Nico;Kunkel;m;Amriswil;21;40628;
Nala;Kunz;f;Chur;66;83135;
Ayden;Kunz;m;Steffisburg;33;51548;
Leona;Kunze;f;Renens;28;75650;
Lenny;Kurth;m;Zofingen;63;69130;
Tuana;Kurz;f;Gossau;43;78933;
Frieda;Köhler;f;Kreuzlingen;30;40395;
Batuhan;Köhler;m;Spiez;29;98217;
Emirhan;Köhn;m;Ecublens;39;58947;
Paula;König;f;Allschwil;21;91296;
Jakub;König;m;Richterswil;21;50506;
Cem;Körber;m;Morges;21;95574;
Melanie;Körner;f;Locarno;35;50979;
Alice;Köster;f;Arth;70;96028;
Curt;Kübler;m;Lugano;60;51480;
Jonah;Kühl;f;Nyon;34;40454;
Nelio;Kühn;m;Biel/Bienne;70;42351;
Anni;Kühn;f;Uzwil;64;42799;
Sena;Kühne;f;Burgdorf;51;75563;
Ali;Kühnel;m;Uzwil;66;40693;
Eren;Küpper;m;Amriswil;42;92436;
Flynn;Küppers;m;Allschwil;25;82834;
Yusuf;Küster;m;Langenthal;57;63247;
Kai;Lampe;m;Glarus;64;95139;
Jana;Lang;f;Reinach;66;94280;
Musa;Lang;m;Küssnacht;31;43551;
Kimi;Lange;m;Arbon;67;90704;
Alina;Lange;f;Frauenfeld;35;98177;
Lynn;Langer;f;Oberwil;22;99563;
Eliah;Langer;m;Kloten;21;99219;
Hedy;Langner;f;Renens;32;66653;
Toni;Lau;m;Basel;43;41213;
Defne;Lauer;f;Köniz;66;98850;
Emin;Lauterbach;m;Pully;22;40490;
Melike;Lechner;f;Reinach;51;80604;
Greta;Lehmann;f;Wädenswil;66;95419;
Sören;Lehmann;m;Versoix;58;98441;
Max;Lehner;m;Siders;70;65012;
Clemens;Lehnert;m;Siders;21;55904;
Joana;Lemke;f;Wetzikon;26;74155;
Arjen;Lenk;m;Onex;51;86887;
Mark;Lenz;m;Nyon;37;74966;
Carolin;Lenz;f;Arth;24;82844;
Rafael;Leonhardt;m;Wallisellen;21;52098;
Kenan;Lerch;m;Wallisellen;66;56583;
Jannes;Liedtke;m;Renens;64;44783;
Cecilia;Lindemann;f;Thônex;21;42616;
Veit;Linder;m;Montreux;40;45888;
Raphael;Lindner;m;Zug;46;92355;
Valentina;Lindner;f;Rheinfelden;31;90679;
Nela;Link;f;Liestal;34;67514;
Soraya;Linke;f;Birsfelden;70;52849;
Emil;Lippert;m;Cham;60;41204;
Lou;Lohmann;f;Davos;30;42914;
Emilian;Lohse;m;Locarno;24;49453;
Ian;Loos;m;Burgdorf;25;48229;
Hüseyin;Lorenz;m;Bassersdorf;44;97053;
Annika;Lorenz;f;Schlieren;36;63300;
Pepe;Lotz;m;Yverdon-les-Bains;31;40422;
Carla;Ludwig;f;Steffisburg;27;41302;
Davide;Ludwig;m;Männedorf;24;93843;
Ahmed;Lukas;m;Bellinzona;30;45776;
Marla;Lutz;f;Belp;69;89987;
Marko;Lutz;m;Volketswil;67;45496;
Nelli;Lux;f;Schaffhausen;42;77578;
Alexa;Löffler;f;Olten;70;90856;
Mikail;Löhr;m;Wetzikon;24;99237;
Aaron;Lück;m;Buchs;70;44098;
Yara;Maas;f;Vernier;69;62394;
Josefina;Maaß;f;Vevey;68;82027;
Rafaela;Mack;f;Solothurn;21;85116;
Bastian;Mader;m;Uster;43;41255;
Leonas;Mahler;m;Reinach;69;96158;
Ria;Mai;f;Luzern;26;45717;
Miro;Maier;m;Horw;70;45101;
Julia;Maier;f;Riehen;69;63279;
Jannek;Mangold;m;Aesch;70;48313;
Felicia;Mann;f;Dietikon;22;96910;
Aleyna;Marquardt;f;Köniz;27;89616;
Bianca;Martens;f;Martigny;63;44505;
Denny;Martin;m;Oberwil;69;95462;
Maria;Martin;f;Burgdorf;22;85337;
Milla;Marx;f;Bern;68;95475;
Willy;Marx;m;Schlieren;28;41014;
Jonathan;Matthes;m;Oftringen;23;72715;
Amelia;Maurer;f;Meyrin;22;65330;
Maike;May;f;Spiez;69;98539;
Melina;Mayer;f;Carouge;44;40619;
Vito;Mayer;m;Muri;44;40558;
Giuliana;Mayr;f;Illnau-Effretikon;65;97918;
Lotta;Meier;f;Baar;57;80350;
Luuk;Meier;m;Thônex;42;98303;
Alessa;Meister;f;Veyrier;21;43210;
Elin;Meißner;f;Rüti;64;99469;
Philipp;Melzer;m;Herisau;21;93099;
Wilhelm;Mende;m;Burgdorf;38;46391;
Hendrik;Menke;m;Liestal;48;68045;
Melinda;Menzel;f;Glarus;49;46137;
Francesco;Merk;m;Lancy;29;80615;
Neyla;Merkel;f;Dübendorf;39;40508;
Etienne;Merten;m;Schlieren;68;56434;
Liara;Mertens;f;Meyrin;28;97226;
Vivian;Merz;f;Glarus;70;91094;
Cleo;Metz;f;Val-de-Travers;21;43243;
Jasmina;Metzger;f;Horgen;64;98411;
Davin;Metzner;m;Sitten;28;65178;
Jean;Meurer;m;Villars-sur-Glâne;29;52779;
Kirill;Meyer;m;Martigny;54;81226;
Lea;Meyer;f;Winterthur;37;74466;
Aras;Michael;m;Einsiedeln;24;97539;
Maximilian;Michaelis;m;Solothurn;22;72265;
Marleen;Michel;f;Lausanne;49;41359;
Karlo;Michel;m;Monthey;48;97198;
Alicja;Michels;f;Richterswil;48;97850;
Tim;Mielke;m;Ostermundigen;25;41282;
Smilla;Miller;f;Renens;40;86083;
Conner;Mohr;m;Baden;60;99603;
Thea;Mohr;f;Brugg;29;40385;
Nadine;Moll;f;Pratteln;70;40664;
Eduard;Morgenstern;m;Frauenfeld;35;98769;
Ziva;Moritz;f;Meyrin;57;73146;
Jessika;Moser;f;Bellinzona;42;49814;
Robert;Muth;m;Münsingen;21;96544;
Tamino;März;m;Baden;46;46403;
Helena;Möller;f;Gossau;32;72985;
Sammy;Möller;m;Lyss;21;98815;
Benno;Mühlbauer;m;Mendrisio;67;58130;
Mia;Müller;f;Zürich;33;88319;
Tiago;Müller;m;Olten;23;96756;
Nika;Münch;f;Worb;48;46634;
Mona;Nagel;f;Val-de-Travers;56;40975;
Tayler;Nagel;m;Bulle;51;68529;
Tamina;Naumann;f;Ostermundigen;66;42534;
Domenic;Neu;m;Zug;21;99475;
Madlen;Neubauer;f;Bern;41;86062;
Mirja;Neubert;f;Belp;21;87486;
Sofie;Neugebauer;f;Zollikon;41;80428;
Ylva;Neuhaus;f;Morges;58;98858;
Dorian;Neumann;m;Locarno;28;99484;
Laura;Neumann;f;Sitten;21;64592;
Leon;Nguyen;m;Monthey;26;42006;
Mathea;Nickel;f;Brugg;67;97180;
Ellie;Niemann;f;Versoix;27;68329;
Armin;Niemeyer;m;Illnau-Effretikon;26;62194;
Mattis;Nitsche;m;Davos;42;99473;
Pascal;Nitschke;m;Monthey;21;87655;
Jamie;Noack;f;Genf;67;73528;
Fatma;Noll;f;Wallisellen;21;47430;
Yagmur;Nolte;f;Opfikon;48;44087;
Lorena;Nowak;f;Wädenswil;68;95118;
Mehmet;Obermeier;m;Winterthur;44;98438;
Hassan;Ochs;m;Meilen;21;48553;
Esther;Opitz;f;Ostermundigen;22;97881;
Jasper;Oppermann;m;Morges;39;48390;
Lorenz;Orth;m;Ostermundigen;69;69831;
James;Ortmann;m;Prilly;57;80034;
Amir;Ostermann;m;Zürich;21;63938;
Maren;Oswald;f;Nyon;26;49901;
Hailey;Ott;f;Bassersdorf;34;93212;
Dominik;Ott;m;Carouge;29;49569;
Mayla;Otte;f;Oberwil;63;78748;
Magnus;Otten;m;Ittigen;25;40914;
Milena;Otto;f;Morges;47;67919;
Pierre;Otto;m;Belp;21;48562;
Jesper;Pabst;m;Kriens;22;43533;
Caspar;Pahl;m;Belp;37;54083;
Jamal;Palm;m;Emmen;69;99122;
Summer;Pape;f;Illnau-Effretikon;68;56796;
Maksim;Paul;m;Renens;63;44959;
Lucia;Paul;f;Ittigen;28;96607;
Jack;Pauli;m;Vernier;69;99209;
Thies;Paulsen;m;Carouge;68;40946;
Josy;Paulus;f;Kriens;56;49500;
Elif;Peter;f;Villars-sur-Glâne;60;54405;
Karl;Peter;m;Wetzikon;37;61909;
Eray;Petermann;m;Aarau;70;40929;
Josephine/;Peters;f;Kloten;70;99159;
Ron;Peters;m;Zollikon;25;40511;
Rebekka;Petersen;f;Köniz;53;92558;
Kurt;Petersen;m;Opfikon;45;88460;
Luan;Petri;m;Villars-sur-Glâne;33;94694;
Mario;Petry;m;Solothurn;64;52999;
Chayenne;Petzold;f;Rapperswil-Jona;21;56033;
Hanna;Pfaff;f;Glarus;21;80023;
Lias;Pfeffer;m;Meyrin;29;44022;
Alea;Pfeifer;f;Amriswil;65;50619;
Niclas;Pfeiffer;m;Sitten;69;63720;
Elina;Pfeiffer;f;Küssnacht;21;51915;
Sam;Pfister;m;Chur;34;88670;
Charlotta;Philipp;f;Bulle;21;62996;
Ilayda;Pieper;f;Sitten;70;79188;
Amanda;Pietsch;f;Gossau;64;89025;
Mika;Pilz;m;Spiez;22;68701;
Salvatore;Pohl;m;Köniz;68;61471;
Zoey;Pohl;f;Meilen;61;97109;
Gabriel;Pohlmann;m;Freiburg;69;87707;
Esila;Popp;f;Kriens;27;70399;
Berkay;Post;m;Thun;40;41372;
Romina;Preuß;f;Schwyz;63;82959;
Annabelle;Prinz;f;Männedorf;65;45444;
Patricia;Probst;f;Schlieren;54;73471;
Bianka;Pütz;f;Bulle;21;97520;
Henrieke;Raab;f;Weinfelden;21;98876;
Otto;Raabe;m;Brugg;69;82889;
Kaya;Rabe;f;Kreuzlingen;38;50476;
Mats;Rademacher;m;Thônex;57;41578;
Emilie;Radtke;f;Ebikon;42;97303;
Lutz;Rahn;m;Liestal;21;83917;
Nila;Rapp;f;Aesch;49;40806;
Jil;Rath;f;Montreux;69;44757;
Milana;Rau;f;Ittigen;56;67811;
Malena;Rauch;f;Binningen;26;69311;
Enni;Rausch;f;Rüti;69;96218;
Sven;Rauscher;m;Biel/Bienne;69;40667;
Tyler;Rehm;m;Schaffhausen;51;94343;
Sonja;Reich;f;Weinfelden;36;87942;
Jon;Reichardt;m;Kloten;69;81597;
Liz;Reichel;f;Buchs;31;91930;
Maryam;Reichelt;f;Carouge;70;98168;
Maira;Reichert;f;Schlieren;70;99021;
Timur;Reif;m;Spreitenbach;66;43222;
Madita;Reimann;f;Horw;38;76388;
Grace;Reimer;f;Thônex;69;42591;
Mete;Reimers;m;Wil;54;43657;
Tjark;Reinecke;m;Basel;69;96609;
Damian;Reinhard;m;Zürich;23;82741;
Klaas;Reinhardt;m;Locarno;37;45211;
Emmi;Reinhardt;f;Sitten;21;89972;
Leo;Reinhold;m;Liestal;26;79419;
Nevio;Reinke;m;Altstätten;25;87995;
Jake;Reis;m;Lyss;48;98012;
Mailo;Reiser;m;Möhlin;67;56609;
Melody;Reiter;f;Wohlen;65;74664;
Can;Reitz;m;Versoix;64;40384;
Connor;Reiß;m;Horgen;21;75649;
Liya;Renner;f;Ecublens;69;93372;
Levi;Renz;m;Lausanne;39;80619;
Aiden;Resch;m;Yverdon-les-Bains;23;47059;
Nelly;Reuter;f;Neuenburg;30;90703;
Domenik;Reuter;m;Burgdorf;27;57573;
Aidan;Richter;m;Steffisburg;69;46780;
Sophie;Richter;f;Chur;21;40725;
Lenja;Riedel;f;Münsingen;27;43562;
Muhammad;Riedel;m;Kreuzlingen;21;86441;
Timea;Riedl;f;Spiez;30;98157;
Cheyenne;Rieger;f;Cham;25;52724;
Nino;Riemer;m;Belp;48;86987;
Matteo;Ries;m;Arbon;39;99003;
Luc;Ritter;m;Reinach;22;73987;
Juna;Ritter;f;Pfäffikon;21;99024;
Miguel;Rode;m;Muttenz;49;96292;
Gianluca;Rogge;m;Wetzikon;23;59505;
Mary;Rohde;f;Pfäffikon;29;91481;
Artur;Roos;m;Vernier;69;40502;
Mailin;Rose;f;Zollikon;40;41114;
Ilja;Rosenberger;m;Vevey;45;99433;
Lennard;Rost;m;Versoix;38;56421;
Alexandros;Roth;m;Prilly;64;97963;
Mira;Roth;f;Muttenz;49;41499;
Stina;Rothe;f;Ittigen;22;74097;
Eileen;Rother;f;Hinwil;70;81760;
Jannik;Rudolf;m;Horw;36;40558;
Giulia;Rudolph;f;Riehen;70;61354;
Ceren;Ruf;f;Einsiedeln;70;62257;
Rahel;Runge;f;Muri;69;91608;
Leia;Rupp;f;Worb;22;50164;
Phil;Ruppert;m;Genf;22;97366;
Janosch;Rupprecht;m;Siders;63;99392;
Hedi;Röder;f;Uster;66;41952;
Evelina;Römer;f;Genf;36;58308;
Isabel;Rösch;f;Affoltern;53;97495;
Tamme;Rösler;m;Küsnacht;70;89728;
Franz;Rößler;m;Baden;44;96905;
Gustav;Rühl;m;Worb;23;88990;
Marco;Sachs;m;Adliswil;69;99488;
Giuliano;Sachse;m;Muri;63;92199;
Marten;Sailer;m;Gland;60;47065;
Thorben;Sander;m;Pratteln;48;68120;
Alicia;Sander;f;Vernier;33;87321;
Madleen;Sattler;f;Wettingen;69;64253;
Luka;Sauer;m;Freiburg;32;68391;
Miriam;Sauer;f;Brig-Glis;23;98319;
Frederike;Sauter;f;Liestal;44;77077;
Henry;Schaaf;m;Burgdorf;60;95700;
Femke;Schade;f;Brugg;21;93053;
Finn;Schaefer;m;Adliswil;21;91275;
Leevke;Schaller;f;Horw;31;40864;
Karim;Schaper;m;Münsingen;53;87070;
Ariana;Scharf;f;Carouge;48;42363;
Mert;Schatz;m;Davos;21;99442;
Leonidas;Schaub;m;Schwyz;66;65638;
Devin;Schauer;m;Prilly;69;82727;
Jarno;Scheel;m;Le;43;62743;
Michel;Scheer;m;Bülach;31;95808;
Fina;Scheffler;f;Arbon;30;70068;
Carlos;Schell;m;Chêne-Bougeries;24;52541;
Jerome;Scheller;m;Horgen;35;92599;
Bella;Schenk;f;Pratteln;70;99112;
Xenia;Scherer;f;Vevey;23;91503;
Annie;Schick;f;Chêne-Bougeries;23;43301;
Emanuel;Schiffer;m;Uzwil;52;97134;
Janne;Schiller;f;Muri;27;73724;
Stephan;Schilling;m;Herisau;68;97797;
Annalena;Schilling;f;Uster;52;97727;
Joseph;Schindler;m;Ostermundigen;67;57773;
Kimberly;Schindler;f;Freiburg;29;42721;
Lenya;Schirmer;f;Veyrier;69;55950;
Edda;Schlegel;f;Freiburg;60;44265;
Richard;Schleicher;m;Baar;35;65947;
Erik;Schlosser;m;Stäfa;40;48649;
Alena;Schlüter;f;Langenthal;32;54353;
Gero;Schmid;m;Stäfa;59;62892;
Pia;Schmid;f;Montreux;32;65505;
Burak;Schmidt;m;Regensdorf;51;85544;
Emma;Schmidt;f;Genf;39;43416;
Victor;Schmidtke;m;Köniz;40;84505;
Clara;Schmitt;f;Kriens;50;78178;
Benny;Schmitt;m;Wohlen;49;71791;
Lisa;Schmitz;f;Wetzikon;69;52481;
Levent;Schmitz;m;Liestal;65;88206;
Elly;Schnabel;f;Lausanne;24;99462;
Hannah;Schneider;f;Basel;70;98403;
Fabrizio;Schneider;m;Adliswil;21;49485;
Matilda;Schnell;f;Mendrisio;27;99458;
Stephanie;Schober;f;Reinach;69;44443;
Liah;Scholl;f;Worb;39;66645;
Rüzgar;Scholz;m;Rüti;70;82833;
Finja;Scholz;f;Wil;58;98318;
Arina;Schott;f;Bülach;69;82537;
Malou;Schrader;f;Monthey;45;44561;
Yven;Schramm;m;Schwyz;70;92714;
Noemi;Schramm;f;Rapperswil-Jona;22;99164;
Aurel;Schreiber;m;Basel;57;88800;
Helene;Schreiber;f;Arbon;32;46719;
Milow;Schreier;m;Thalwil;51;72750;
Eda;Schreiner;f;Veyrier;67;61316;
Lasse;Schroeder;m;Lancy;38;50115;
Johanna;Schröder;f;Uster;67;83391;
Cornelius;Schröder;m;Herisau;22;91916;
Alwin;Schröer;m;Männedorf;45;88293;
Esma;Schröter;f;Schwyz;70;81509;
Adriano;Schubert;m;Mendrisio;37;62375;
Mara;Schubert;f;Bellinzona;24;77213;
Theodor;Schuh;m;Wettingen;70;92193;
Rico;Schuhmacher;m;Genf;62;98408;
Ruth;Schuler;f;Grenchen;45;40504;
Vanessa;Schulte;f;Horw;35;44373;
Joe;Schulte;m;Luzern;23;86929;
Dilara;Schultz;f;Adliswil;63;63332;
Jim;Schultze;m;Delsberg;47;44656;
Lena;Schulz;f;Biel/Bienne;36;68227;
Peer;Schulz;m;Freienbach;28;83036;
Marlene;Schulze;f;Bulle;22;92349;
Juri;Schulze;m;Oftringen;21;58380;
Giuseppe;Schumacher;m;Brugg;28;64004;
Theresa;Schumacher;f;Herisau;21;85512;
Meik;Schumann;m;Thalwil;56;44005;
Tabea;Schumann;f;Möhlin;30;46599;
Jay;Schuster;m;Münsingen;70;44894;
Pauline;Schuster;f;Solothurn;42;71502;
Daria;Schwab;f;Martigny;59;85893;
Carlo;Schwabe;m;Lyss;68;88719;
Tino;Schwartz;m;Gossau;70;42367;
Hagen;Schwarz;m;Langenthal;69;67952;
Nele;Schwarz;f;Lancy;62;48312;
Oliver;Schwarze;m;Kriens;28;94688;
Ludwig;Schwarzer;m;Martigny;70;74938;
Emir;Schweiger;m;Dietikon;22;89856;
Henrik;Schweitzer;m;Freienbach;22;42666;
Laureen;Schweizer;f;Emmen;21;59521;
Tizian;Schäfer;m;Opfikon;68;98377;
Emily;Schäfer;f;Köniz;47;70850;
Tiana;Schön;f;Biel/Bienne;21;50530;
Dean;Schöne;m;Reinach;25;93629;
Kilian;Schönfeld;m;Luzern;69;45798;
Charleen;Schüler;f;Chêne-Bougeries;22;40607;
Ferdinand;Schüller;m;Schwyz;23;45006;
Linnea;Schürmann;f;Uster;45;71527;
Jonas;Schütt;m;Regensdorf;66;53582;
Davina;Schütte;f;Thun;26;66684;
Laila;Schütz;f;Biel/Bienne;64;71201;
Charly;Schütz;m;Freienbach;38;93832;
Anita;Schütze;f;Wohlen;56;55019;
Narin;Seeger;f;Adliswil;57;40674;
Lionel;Seemann;m;Illnau-Effretikon;67;41373;
Rayan;Seibel;m;Buchs;54;64509;
Julien;Seibert;m;Thônex;38;87738;
Andrej;Seidel;m;Genf;67;41397;
Mina;Seidel;f;Wallisellen;23;65825;
Andrea;Seidl;f;Wettingen;63;96307;
Danny;Seidler;m;Versoix;21;40421;
Elisabeth;Seifert;f;Rüti;70;72726;
Eric;Seifert;m;Yverdon-les-Bains;22;76217;
Joyce;Seiler;f;Basel;22;43397;
Tilda;Seitz;f;Kreuzlingen;70;83455;
Niklas;Sieber;m;Pratteln;50;85994;
Lilian;Siebert;f;Val-de-Travers;47;64513;
Viktoria;Siegel;f;Davos;70;51117;
Maylin;Sievers;f;Wetzikon;22;63799;
Jule;Simon;f;Illnau-Effretikon;69;78944;
Merlin;Simon;m;Val-de-Travers;65;63501;
Yasmina;Singer;f;Cham;41;80910;
Tarik;Sommer;m;Le;70;92693;
Ronja;Sommer;f;Wohlen;44;41516;
Melvin;Sommerfeld;m;Nyon;56;99393;
Gloria;Sonntag;f;Neuenburg;21;98715;
Karla;Specht;f;Spreitenbach;29;97805;
Taylan;Spengler;m;Uster;30;42687;
Jamie;Sperling;m;Bern;61;43434;
Dario;Spies;m;Biel/Bienne;21;94016;
Joris;Spindler;m;Thun;69;48277;
Ole;Sprenger;m;Ecublens;38;44084;
Stine;Springer;f;Meilen;69;99519;
Malte;Späth;m;Lugano;70;97319;
Ann;Stadler;f;Schaffhausen;69;63117;
Linea;Stahl;f;Wil;50;45287;
Georg;Stamm;m;Neuenburg;25;96774;
Roman;Stange;m;Männedorf;70;49613;
Ava;Stark;f;Steffisburg;21;42462;
Nicolas;Starke;m;Bellinzona;61;96602;
Jona;Steffen;f;Cham;23;43974;
Saphira;Steffens;f;Wil;21;70717;
Neven;Stein;m;Birsfelden;53;64058;
Martha;Stein;f;Cham;25;64304;
Wiebke;Steinbach;f;Brig-Glis;26;99472;
Medina;Steiner;f;Baden;23;45168;
Maurice;Steinert;m;Meilen;21;47631;
Brian;Steinke;m;Veyrier;65;47319;
Till;Steinmetz;m;Küssnacht;27;44570;
Valentin;Stenzel;m;Belp;21;40882;
Felicitas;Stephan;f;Aarau;32;99373;
Sami;Stern;m;Volketswil;62;41368;
Len;Stiller;m;Pratteln;22;47474;
Christin;Stock;f;Zürich;61;57119;
Ceylin;Stoll;f;Möhlin;23;98890;
Lucie;Stolz;f;Münsingen;23;42174;
Ramon;Stratmann;m;Neuenburg;21;40510;
Feyza;Straub;f;Brig-Glis;25;53994;
Robin;Strauch;m;Birsfelden;58;89062;
Lilia;Strauß;f;Carouge;34;41894;
Fine;Strobel;f;Richterswil;68;41905;
Alya;Stumpf;f;Wädenswil;70;94181;
Amilia;Sturm;f;Küssnacht;66;41481;
Elias;Stöhr;m;Illnau-Effretikon;27;54600;
Milo;Süß;m;Steffisburg;39;42263;
Lian;Teichmann;m;Winterthur;21;79844;
Anton;Theis;m;Einsiedeln;34;41267;
Yassin;Thelen;m;Hinwil;70;72618;
Kay;Thiel;m;Olten;42;89795;
Leticia;Thiel;f;Zürich;21;62489;
Samantha;Thiele;f;Zug;40;98617;
Janek;Thiele;m;Binningen;36;52015;
Dustin;Thiemann;m;Rheinfelden;21;99468;
Luka;Thieme;f;Bellinzona;25;41505;
William;Thies;m;Onex;62;47441;
Alyssa;Thoma;f;Aesch;70;64275;
Linda;Thomas;f;Oftringen;66;41247;
Louis;Thomas;m;Neuenburg;43;55461;
Hugo;Thomsen;m;Onex;59;40684;
Furkan;Tiedemann;m;Affoltern;22;90755;
Korbinian;Tietz;m;Oberwil;30;98380;
Emelie;Timm;f;Buchs;27;51265;
Piet;Trapp;m;Wil;53;51038;
Johannes;Trautmann;m;Gland;69;64885;
Sydney;Uhl;f;Wil;69;93256;
Yuna;Uhlig;f;Basel;26;84184;
Diego;Ulbrich;m;Kloten;70;81311;
Luzie;Ullmann;f;Volketswil;43;44708;
Naila;Ullrich;f;Thalwil;28;57607;
Estelle;Ulrich;f;Monthey;70;45864;
Ashley;Unger;f;Küsnacht;23;59125;
Enie;Urban;f;Morges;25;48471;
Neo;Veit;m;Olten;65;96275;
Flora;Vetter;f;Buchs;21;50374;
Amy;Vogel;f;Volketswil;69;40523;
Adem;Vogel;m;Gland;36;40590;
Paul;Vogl;m;Olten;69;46182;
Leonard;Vogler;m;Affoltern;70;80490;
Melissa;Vogt;f;Locarno;21;41872;
Jari;Vogt;m;Weinfelden;21;90236;
Jacob;Voigt;m;Lancy;68;41626;
Jolina;Voigt;f;Ebikon;21;92151;
Kiara;Volk;f;Arth;21;69376;
Albert;Volkmann;m;Pratteln;61;80512;
Tina;Vollmer;f;Spiez;70;94969;
Miran;Volz;m;Wettingen;69;42403;
Ivy;Voss;f;Aarau;69;43373;
Anne;Voß;f;Frauenfeld;36;49182;
Eleonora;Völker;f;Chur;21;40380;
John;Wacker;m;Brugg;33;88727;
Ilias;Wagener;m;Volketswil;31;98661;
Lorik;Wagner;m;Solothurn;49;82549;
Emilia;Wagner;f;Luzern;48;90790;
Naomi;Wahl;f;Bellinzona;33;66793;
Sandro;Wallner;m;Vernier;64;58569;
Edwin;Walter;m;Brig-Glis;27;45153;
Lia;Walter;f;Aarau;25;94254;
Riccardo;Walther;m;Illnau-Effretikon;29;51941;
Liana;Walther;f;Thun;23;99481;
Louise;Walz;f;Altstätten;21;40767;
Hennes;Weber;m;Schlieren;58;50045;
Anna;Weber;f;Bern;57;47979;
Penelope;Wegener;f;Pfäffikon;60;46962;
Livia;Wegner;f;Stäfa;62;40593;
Thalia;Wehner;f;Riehen;65;42177;
Luca;Weidner;f;Olten;55;96692;
Dion;Weigand;m;Köniz;68;42216;
Tia;Weigel;f;Baden;21;97348;
Kjell;Weiland;m;Emmen;32;98606;
Tom;Weiler;m;Langenthal;23;97941;
Sascha;Weinert;m;Kreuzlingen;30;54925;
Tamia;Weis;f;Münsingen;21;95425;
Dila;Weise;f;Freiburg;45;99334;
Josefin;Weiss;f;Affoltern;31;41012;
Victoria;Weiß;f;Vevey;59;43584;
Raul;Weiß;m;Ebikon;50;40673;
Zoé;Weller;f;Prilly;70;84515;
Jarne;Welsch;m;Münchenstein;65;40639;
Thomas;Wendel;m;Einsiedeln;67;76116;
Amina;Wendt;f;Richterswil;26;59108;
Anastasia;Wenzel;f;Ecublens;67;89022;
Collin;Wenzel;m;Wädenswil;22;62381;
Mila;Werner;f;Dietikon;39;51541;
Ivan;Werner;m;Wallisellen;26;43670;
Tristan;Wessel;m;Kreuzlingen;60;40878;
Marvin;Westermann;m;Rapperswil-Jona;33;88799;
Mariam;Westphal;f;Winterthur;22;43778;
Sidney;Wetzel;f;Gland;22;40847;
Klara;Wichmann;f;Delsberg;70;88359;
Eddi;Widmann;m;Küsnacht;23;64623;
Andre;Wieczorek;m;Wil;44;98559;
Janina;Wiedemann;f;Frauenfeld;21;53404;
Josephina;Wiegand;f;Oftringen;33;42464;
Luzi;Wieland;f;Kriens;69;92991;
Aimee;Wiese;f;Reinach;37;43655;
Isa;Wiesner;f;Steffisburg;53;59957;
Fatima;Wild;f;Stäfa;31;82086;
Patrick;Wilde;m;Küssnacht;22;42541;
Jaden;Wilhelm;m;Aarau;68;60616;
Rosalie;Wilhelm;f;Altstätten;58;42961;
Asya;Wilke;f;Altstätten;29;98726;
Eliana;Will;f;Männedorf;64;40582;
Bruno;Wille;m;Sitten;70;50320;
Edgar;Wilms;m;Bulle;25;65704;
Abby;Wimmer;f;Thun;70;76567;
Louisa;Winkelmann;f;Rheinfelden;22;98378;
Fridolin;Winkler;m;Affoltern;59;40641;
Antonia;Winkler;f;Monthey;36;97222;
Azad;Winter;m;Pfäffikon;66;45404;
Merle;Winter;f;Ostermundigen;25;41430;
Enna;Wirth;f;Burgdorf;39;41109;
Linn;Wirtz;f;Bern;37;91985;
Jonna;Witt;f;Volketswil;70;96026;
Jolie;Witte;f;Le;68;51543;
Kassandra;Wittig;f;Horgen;41;47861;
Ylvi;Wittmann;f;Thônex;22;41260;
Luisa;Wolf;f;Vernier;64;97557;
Björn;Wolf;m;Pratteln;23;44462;
Kim;Wolff;f;Prilly;67;69753;
Jonah;Wolff;m;Frauenfeld;61;41141;
Ayla;Wolter;f;Oftringen;22;66934;
Kevin;Wolters;m;Richterswil;25;41825;
Elanur;Wulf;f;Siders;64;96866;
Enrico;Wulff;m;Zofingen;25;71573;
Betty;Wunderlich;f;Biel/Bienne;61;58645;
Lucian;Wurm;m;Riehen;60;41483;
Koray;Wächter;m;Chur;59;99461;
Taylor;Wörner;m;Brig-Glis;27;41006;
Danilo;Wüst;m;Glarus;21;59362;
Mirac;Yilmaz;m;Regensdorf;53;44608;
Leah;Zahn;f;Küssnacht;25;82820;
Eliza;Zander;f;Zollikon;70;74209;
Arda;Zeidler;m;Oftringen;33;40609;
Jenny;Zeller;f;Birsfelden;39;40742;
Selina;Ziegler;f;Liestal;39;40744;
Bosse;Ziegler;m;Lausanne;27;97050;
Angelina;Zimmer;f;Hinwil;45;99524;
Nikolas;Zimmer;m;Onex;21;60343;
Charlotte;Zimmermann;f;Zug;59;45660;
Youssef;Zimmermann;m;Binningen;39;88973;
Michael;Zink;m;Neuenburg;22;44610;
Dylan;Zorn;m;Kreuzlingen;66;49276;
Elija;Zöller;m;Lausanne;29;93819;
